﻿国家,日期（乱码的话，请设置格式为日期）,累计确诊,新增确诊,累计治愈,新增治愈,累计死亡,新增死亡,现有确诊
刚果民主共和国,2022-05-12,3,0,0,0,0,0,3
刚果民主共和国,2020-03-16,3,0,0,0,0,0,3
刚果民主共和国,2020-03-15,3,1,0,0,0,0,3
刚果民主共和国,2020-03-14,2,0,0,0,0,0,2
刚果民主共和国,2020-03-13,2,1,0,0,0,0,2
刚果民主共和国,2020-03-12,1,0,0,0,0,0,1
刚果民主共和国,2020-03-11,1,0,0,0,0,0,1
刚果民主共和国,2020-03-10,1,1,0,0,0,0,1